<?xml version="1.0" encoding="utf-8"?>
<extension type="component" method="upgrade">
    <name>Web Stories</name>
    <author>Google</author>
	<creationDate>November 2018</creationDate>
	<copyright>Copyright (C) 2021 Google LLC</copyright>
	<license>Apache License 2.0</license>
	<authorUrl>https://opensource.google.com/</authorUrl>
	<version>1.15.0-alpha.0</version>
    <namespace path="src/">Google\Component\WebStories</namespace>
    <files folder="site/">
        <folder>src</folder>
        <folder>tmpl</folder>
    </files>
    <administration>
        <!-- The link that will appear in the Admin panel's "Components" menu -->
        <menu link="index.php?option=com_webstories">Web Stories</menu>
        <!-- List of files and folders to copy. Note the 'folder' attribute.
             This is the name of the folder in your component package to copy FROM -->
        <files folder="admin">
            <folder>services</folder>
            <folder>src</folder>
            <folder>tmpl</folder>
        </files>
    </administration>
    <api>
        <files folder="api/">
            <folder>src</folder>
        </files>
    </api>
    <media folder="media" destination="com_webstories">
        <folder>css</folder>
        <folder>js</folder>
        <filename>joomla.asset.json</filename>
    </media>
</extension>