<?xml version="1.0" encoding="utf-8" ?>
<extension type="plugin" group="fields" method="upgrade">
    <name>plg_fields_webstories</name>
    <author>Google</author>
	<creationDate>November 2018</creationDate>
	<copyright>Copyright (C) 2021 Google LLC</copyright>
	<license>Apache License 2.0</license>
	<authorUrl>https://opensource.google.com/</authorUrl>
	<version>1.15.0-alpha.0</version>
    <description>This field will allow you to select a webstory for embedding in an article.</description>
    <scriptfile>script.php</scriptfile>
    <files>
        <filename plugin="webstories">webstories.php</filename>
        <folder>params</folder>
        <folder>tmpl</folder>
        <folder>fields</folder>
    </files>
</extension>