<?xml version="1.0" encoding="utf-8"?>
<extension type="module" version="4.0" client="site" method="upgrade">
    <name>Webstories</name>
    <author>Google</author>
	<creationDate>November 2018</creationDate>
	<copyright>Copyright (C) 2021 Google LLC</copyright>
	<license>Apache License 2.0</license>
	<authorUrl>https://opensource.google.com/</authorUrl>
	<version>1.15.0-alpha.0</version>
    <description>Module to embed webstories in an article</description>
    <files>
        <filename>mod_webstories.xml</filename>
        <filename module="mod_webstories">mod_webstories.php</filename>
        <folder>tmpl</folder>
    </files>
    <config>
    </config>
</extension>