<?xml version="1.0" encoding="utf-8"?>
<extension type="plugin" group="webservices" method="upgrade">
    <name>Web services - Webstories</name>
	<author>Google</author>
	<creationDate>November 2018</creationDate>
	<copyright>Copyright (C) 2021 Google LLC</copyright>
	<license>Apache License 2.0</license>
	<authorUrl>https://opensource.google.com/</authorUrl>
	<version>1.15.0-alpha.0</version>
	<description>This plugin allows you to make modifications to the webstory</description>
	<script>script.php</script>
    <files>
         <filename plugin="webstories">webstories.php</filename>
         <filename>webstories.xml</filename>
    </files>
</extension>