<?xml version="1.0" encoding="utf-8"?>
<extension type="plugin" group="webservices" method="upgrade">
    <name>WebStories</name>
    <author>Joomla! Project</author>
    <creationDate>August 2017</creationDate>
    <copyright>(C) 2005 - 2019 Open Source Matters. All rights reserved.</copyright>
    <license>GNU General Public License version 2 or later; see LICENSE.txt</license>
    <authorEmail>admin@joomla.org</authorEmail>
    <authorUrl>www.joomla.org</authorUrl>
    <version>4.0.0</version>
    <description>PLG_WEBSERVICES_WEBLINKS_XML_DESCRIPTION</description>
    <files>
         <filename>webstories.php</filename>
         <filename>webstories.xml</filename>
    </files>
    <languages folder="administrator/language">
         ##LANGUAGE_FILES##
    </languages>
</extension>